{
  "xs-app.json": 1730179208597,
  "test/integration/pages/RisksObjectPage.js": 1730120897007,
  "test/integration/pages/RisksList.js": 1730120897007,
  "test/integration/opaTests.qunit.js": 1730120897007,
  "test/integration/FirstJourney.js": 1730120897011,
  "test/testsuite.qunit.js": 1730120896995,
  "i18n/i18n.properties": 1730120925707,
  "manifest.json": 1730123162388,
  "Component.js": 1730120896943,
  "test/integration/opaTests.qunit-dbg.js": 1730120897007,
  "test/integration/opaTests.qunit.js.map": 1730179214569,
  "test/integration/pages/RisksList-dbg.js": 1730120897007,
  "test/integration/pages/RisksList.js.map": 1730179214569,
  "test/integration/pages/RisksObjectPage-dbg.js": 1730120897007,
  "test/integration/pages/RisksObjectPage.js.map": 1730179214566,
  "test/integration/FirstJourney-dbg.js": 1730120897011,
  "test/integration/FirstJourney.js.map": 1730179214574,
  "test/testsuite.qunit-dbg.js": 1730120896995,
  "test/testsuite.qunit.js.map": 1730179214569,
  "Component-dbg.js": 1730120896943,
  "Component.js.map": 1730179214570,
  "Component-preload.js": 1730179214632,
  "Component-preload.js.map": 1730179214632,
  "test/integration/opaTests.qunit.html": 1730120897007,
  "test/testsuite.qunit.html": 1730120896983,
  "test/flpSandbox.html": 1730120896979,
  "index.html": 1730120896943
}